Ukraine, Ukraine's Crimean fightback having 'psychological impact' on Russia. Western officials reveal the impact of recent Ukrainian strikes on the Russian-occupied peninsula.;;;;;;;;;;
Ukraine, Ukraine war Russia must leave Zaporizhzhia power plant UN chief says. Antonio Guterres tells the BBC that Russia must urgently demilitarise the area around the plant.;;;;;;;;;;
Ukraine, Ukraine nuclear plant How risky is stand-off over Zaporizhzhia. International leaders warn of potential disaster at the Russian-occupied Zaporizhzhia plant.;;;;;;;;;;
Ukraine, Ukraine war Russia appeals for new recruits for war effort. Hefty rewards are offered to volunteers to sign up as the army sees significant losses in Ukraine.;;;;;;;;;;
Ukraine, Ukraine war live Russia insists invasion will succeed as Kyiv captures villages near Kherson.;;;;;;;;;;
Ukraine, Satellite images show damage to Ukraine nuclear plant buildings right next to reactor.;;;;;;;;;;
Ukraine, Ukraine claims to have breached Russian lines as it battles to retake Kherson.;;;;;;;;;;
Ukraine, Zelensky warns of 'nasty' Russian attack ahead of Ukraine independence day. ;;;;;;;;;;
Ukraine, Ukraine war live Kyiv firing on entire Russian front as Kherson defence broken.;;;;;;;;;;
Ukraine, Eyes on Kherson as Ukraine claims bold move on Russians;;;;;;;;;;
Ukraine, Kherson 'Heavy fighting' as Ukraine seeks to retake Russian-held region;;;;;;;;;;
Ukraine, Books and bomb shelters. Ukraine returns to school. Since Russia's invasion of the country began on 24 February more than 280 schools have been totally destroyed and 2300 damaged.;;;;;;;;;;
Ukraine, Russian-speakers in Latvia told to pick sides in test of patriotism. The war in Ukraine has prompted Latvia to crack down on support for the Kremlin.;;;;;;;;;;
Ukraine, Ukraine begins counteroffensive to retake the southern Kherson region;;;;;;;;;;
Ukraine, Russia fires rockets at towns near nuclear plant after Western leaders urge restraint near site. Rocket fire close to Zaporizhzhia reactor complex stirs fears of nuclear disaster ;;;;;;;;;;
Ukraine, Russia-Ukraine war live Ukraine forces pushing back Russia's frontline 'some distance' in south says UK;;;;;;;;;;
Ukraine, Front line frontmen Antytila the rock band fighting Russia Members of one of Ukraine's top rock bands Antytila are among thousands of civilians fighting against Russia.;;;;;;;;;;
Ukraine, The war is static but ousting Russia is a seismic task. Six months on from the start of Russia's invasion the threat will test Ukraine's spirit.;;;;;;;;;;
Ukraine, Russia railway station strike kills 22 injures dozens. The deadly attack on passenger carriages comes six months to the day since Russia's invasion.;;;;;;;;;;
Ukraine, Russia's puppet mayor in Mariupol 'survives assassination attempt' at zoo. Explosion reported at entrace to zoo in Azov Sea port devastated by Moscow's bombardment ;;;;;;;;;;
Ukraine, Ukraine war live Zelensky says he will make Russia pay for deadly strike that killed 22 Kyiv can win war against Russia. Boris Johnson says on surprise visit to Ukraine;;;;;;;;;;
Ukraine, Putin's plan to expand troops unlikely to steer victory in Ukraine war UK defence ministry says;;;;;;;;;;
Ukraine, Ukraine strikes psychological blows in drone warfare over Crimea. Widely shared footage of drone attacks shows attempt to bring conflict closer to Russian people.;;;;;;;;;;
Ukraine, Russia 'in very fragile position' and bracing for 'major' Ukrainian counterattack say UK Advance of Russian troops can be measured in metres not miles UK defence secretary says;;;;;;;;;;
Ukraine, At least 22 killed as Russia attacks rail station on Independence Day. Ukrainians had been braced for increased bombardment on national holiday to mark independence from Soviet Union;;;;;;;;;;
Ukraine, Russia-Ukraine war EU to hold urgent talks over Russian energy war Ukraine announces mandatory evacuations as it happened;;;;;;;;;;
Ukraine, Ukraine war The war is static but ousting Russia is a seismic task;;;;;;;;;;
Ukraine, New Zealand soldier who joined Ukraine foreign legion confirmed killed. Tributes paid to Dominic Abelen the first New Zealander to die in the conflict who was on leave without pay from the defence force;;;;;;;;;;
Ukraine, A New Zealand soldier who was on leave without pay from his country's army when he was killed in Ukraine has become the latest foreign fighter and first New Zealander to die in the war.;;;;;;;;;;
Ukraine, Russia Ukraine war latest what we know on day 183 of the invasion. Russian rocket strike kills 22 at a railway station in eastern Ukraine Zelenskiy says Moscow has placed the world on the brink of a radiation disaster;;;;;;;;;;
Ukraine, State Department confirms death of another US citizen in Ukraine. Russian claims the deceased is a 24-year-old man from Tennessee who had gone to Ukraine and enrolled as a volunteer fighter in July;;;;;;;;;;
Ukraine, Ukraine warns of 'hydrogen leak' risk at nuclear plant after Russian shelling Moscow and Kyiv traded fresh accusations on Saturday of shelling around the plant;;;;;;;;;;
Ukraine, Its about unity Ukrainians celebrate Independence Day at Dublin park The event in Mountjoy Square Park was organised by the Ukrainian Crisis Centre Ireland supported by the Embassy of Ukraine.;;;;;;;;;;
Ukraine, Zelensky says Ukraine was 'reborn' when Russia invaded in emotional Independence Day speech Wednesday marks six months of war and 31 years of independence from Soviet Union for Ukraine;;;;;;;;;;
Ukraine, Ukraine official says Russia fired on cities near nuclear power plant Ukrainian authorities say Russian forces fired missiles and artillery on two cities across the river from Europe's largest nuclear power plant.;;;;;;;;;;
Other, Why are these Americans turning in some of their guns. When police in Texas offered to buy back unwanted firearms gun owners of all kinds showed up.;;;;;;;;;;
Other, Wargaming a North Korean attack. The US and South Korea are doing drills to practise fighting a war against an increasingly hostile North Korea.;;;;;;;;;;
Other, Russia accuses Ukraine's secret services of killing Putin ally's daughter with car bomb. Darya Dugina was killed when a suspected explosive device blew up the car she was driving near Moscow.;;;;;;;;;;
Other, Can Dennis Rodman free the WNBA star from Russia. Retired NBA great has proven himself a highly unorthodox but arguably successful go-between in dealings with North Korea over the last decade.;;;;;;;;;;
Other, Anthony Joshua. 'I let myself down' says British boxer about post-fight antics. Anthony Joshua says he let himself down with his bizarre post-fight antics after losing to Ukraine's Oleksandr Usyk on Saturday.;;;;;;;;;;
Other, US and South Korea begin biggest joint military drills in years. Joint military drill scheduled to end on 1 September.;;;;;;;;;;
Other, Topless women demonstrate against Russian gas in Scholz protest. Berlin resists calls for full Russian energy embargo as chancellor's popularity plummets ;;;;;;;;;;
Other, Melting glaciers. Germany's 'could disappear' in 50 years. Glaciologist Christoph Mayer thinks Germany's five alpine glaciers could melt within 50 years.;;;;;;;;;;
Other, Kiely Rodni everything we know about 16-year-old who vanished from camp party in California. Kiely Rodni is described as white 5'7 tall and 115 pounds with blonde hair and hazel eyes. She was last seen wearing green Dickies pants and a black tank top.;;;;;;;;;;
Other, Three firefighters injured after blaze engulfs three houses on Staten Island. It could've been a lot worse' Staten Island Borough Commander Kevin Wood says;;;;;;;;;;
Other, Texas flash floods leave cars almost underwater;;;;;;;;;;
Other, On call with Italy's horseback doctor;;;;;;;;;;
Other, Three Arkansas police officers suspended after viral video shows them pounding man's head into concrete;;;;;;;;;;
Other, President Joe Biden marked Women's Equality Day by blasting abortion restrictions as beyond the pale.;;;;;;;;;;
Other, Sean Hannity and Tucker Carlson among Fox News stars ordered to give depositions in Dominion defamation suit;;;;;;;;;;
Other, Trump news live Cheney says GOP might stop her debating Trump as Lindsey Graham gets Georgia reprieve. Defeated Wyoming representative says she is considering running in the next Republican presidential primary ;;;;;;;;;;
Other, Sewage in sea French appeal to EU over UK discharges of waste;;;;;;;;;;
Other, Moderna sues Pfizer BioNTech accusing them of copying Covid shot technology;;;;;;;;;;
Other, African rhino poaching falls but illegal hunting still threatens species. More than 2700 killed in past three years in Africa mostly the vulnerable white rhino.;;;;;;;;;;
Other, Stealthy new Covid variant can reinfect you every month. Even having had Omicron we're not well protected from further infections' said Prof Danny Altmann;;;;;;;;;;
Other, Google accused of sparking 10-month probe into innocent father for sharing naked photos of ill toddler. Father loses digital data despite police concluding no crime occurred;;;;;;;;;;
Other, Angola's president and ruling party poised for election win;;;;;;;;;;
Other, Qatar detains workers protesting late pay before World Cup. An advocacy group says Qatar arrested at least 60 foreign workers who protested going months without their pay and deported some of them;;;;;;;;;;
Other, Australia drug bust Largest ever crystal meth haul found in marble;;;;;;;;;;
Other, Kansas recount confirms results in favor of abortion rights. Election officials say a decisive statewide vote in favor of abortion rights in Kansas has been confirmed with a partial hand recount;;;;;;;;;;
Other, Lopez and Affleck celebrate marriage with friends and family. Jennifer Lopez and Ben Affleck said 'I do' again this weekend;;;;;;;;;;
Other, Seven year old boy shot while playing video games inside his home. Philadelphia boy in a stable condition in hospital after being shot;;;;;;;;;;
Other, South Korea records world's lowest fertility rate again;;;;;;;;;;
Other, Israel grapples with 'systemic problem' of fatal road crashes;;;;;;;;;;
Other, Singapore to decriminalize gay sex but will limit change. Singapore announced it will decriminalize sex between men by repealing a colonial-era law while protecting the citystate's definition of marriage;;;;;;;;;;
Other, Ten years on first full report records Syrian regime's massacre at Daraya;;;;;;;;;;
Other, Woman killed after falling 100ft during hike in Oregon. Bystanders performed CPR on the female hiker but she was pronounced dead by emergency responders ;;;;;;;;;;
Other, US says clashes with Iran-backed militias won’t affect Tehran nuclear talks;;;;;;;;;;
Other, Afghanistan Peace at a price in the Taliban's heartlands;;;;;;;;;;
Other, Elon Musk subpoenas former Twitter boss ahead of court battle;;;;;;;;;;
Other, Freya the walrus. Did she have to be euthanised. After becoming a tourist attraction in Oslo a travelling walrus was killed. Was that right;;;;;;;;;;
Other, Cineworld confirms it is considering bankruptcy. The cinema chain which also owns Picturehouse says it has struggled with poor ticket sales.;;;;;;;;;;
Other, The billionaire hopes Jack Dorsey will help him end his deal to buy the social media site;;;;;;;;;;
Other, A man suffers blows to the head and back as he is pinned to the ground by officers in Arkansas.;;;;;;;;;;
Other, Madam C.J. Walker nation's first self-made female millionaire gets Barbie doll;;;;;;;;;;
Other, Women have uploaded videos of themselves dancing after party videos of Sanna Marin were leaked.;;;;;;;;;;
Other, Ryan Reynolds and Rob McElhenney star in a documentary about their first season as football club owners;;;;;;;;;;
